msno,is_churn
user_0003467,0
user_0013353,0
user_0001676,1
user_0018112,0
user_0001639,0
user_0004095,0
user_0009659,0
user_0016392,1
user_0017440,0
user_0004190,0
user_0014650,0
user_0016645,0
user_0015461,0
user_0012024,0
user_0019730,0
user_0001887,0
user_0000495,0
user_0014683,0
user_0017348,1
user_0009918,0
user_0014665,0
user_0004537,0
user_0012705,1
user_0019291,1
user_0004492,1
user_0004787,0
user_0016026,0
user_0014363,0
user_0004406,0
user_0001513,0
user_0015770,1
user_0016319,0
user_0014536,0
user_0005473,0
user_0001427,1
user_0012510,1
user_0008445,0
user_0013148,1
user_0001410,0
user_0001373,0
user_0000828,0
user_0009393,0
user_0010164,0
user_0001964,0
user_0007367,0
user_0003088,1
user_0006480,0
user_0010171,0
user_0013966,0
user_0017119,0
user_0010678,0
user_0017130,0
user_0000262,0
user_0002581,0
user_0011327,0
user_0011276,0
user_0002502,0
user_0002495,0
user_0015032,0
user_0002732,0
user_0018786,0
user_0002822,0
user_0016820,0
user_0018598,0
user_0002849,0
user_0014941,1
user_0014934,0
user_0002963,0
user_0003303,1
user_0011748,0
user_0003355,0
user_0010237,0
user_0002180,0
user_0007489,0
user_0016693,0
user_0007487,0
user_0000419,0
user_0014726,0
user_0002582,0
user_0018721,0
user_0017857,0
user_0011453,0
user_0019275,0
user_0018800,0
user_0017860,0
user_0002416,0
user_0014454,0
user_0012621,0
user_0001300,0
user_0011286,0
user_0003808,0
user_0012589,1
user_0001880,0
user_0001246,0
user_0004611,0
user_0011925,0
user_0004828,0
user_0012014,0
user_0004796,0
user_0008987,0
user_0014397,0
user_0014705,0
user_0017784,0
user_0017785,0
user_0001101,1
user_0004612,0
user_0008955,0
user_0011212,0
user_0012035,0
user_0018296,0
user_0001890,0
user_0001199,0
user_0004650,0
user_0011414,0
user_0015070,0
user_0014401,0
user_0009390,0
user_0018538,0
user_0015094,0
user_0001751,0
user_0011699,0
user_0004186,0
user_0003947,0
user_0012215,0
user_0014579,1
user_0018057,0
user_0012256,1
user_0012342,0
user_0014813,0
user_0010563,0
user_0009657,0
user_0009774,1
user_0009747,0
user_0018450,1
user_0012328,0
user_0014624,0
user_0001680,0
user_0015324,0
user_0012311,0
user_0009713,0
user_0019168,0
user_0003932,0
user_0015753,0
user_0015595,0
user_0015386,0
user_0018565,0
user_0002922,0
user_0015524,0
user_0002073,0
user_0009473,0
user_0010975,0
user_0002358,0
user_0016925,0
user_0019055,1
user_0018939,0
user_0003891,0
user_0011841,0
user_0018899,0
user_0014669,0
user_0003053,0
user_0009534,0
user_0011810,0
user_0012415,0
user_0012404,0
user_0010778,0
user_0009589,0
user_0009499,0
user_0018481,0
user_0009076,0
user_0012823,0
user_0016481,0
user_0019643,0
user_0008017,0
user_0005926,0
user_0014042,0
user_0006008,0
user_0019618,0
user_0006012,0
user_0006048,0
user_0013437,0
user_0013446,0
user_0000450,0
user_0016604,0
user_0013480,0
user_0017325,0
user_0016650,0
user_0008049,1
user_0008089,0
user_0013132,0
user_0005441,0
user_0000761,1
user_0013198,0
user_0016364,0
user_0014145,0
user_0017369,0
user_0008317,0
user_0008306,0
user_0005625,0
user_0008248,0
user_0005693,0
user_0017434,0
user_0014091,0
user_0014121,0
user_0013126,0
user_0006193,0
user_0006205,0
user_0000173,0
user_0006522,1
user_0006527,0
user_0006601,0
user_0000135,0
user_0007256,0
user_0007404,0
user_0007250,1
user_0000098,0
user_0016875,0
user_0000072,0
user_0013790,0
user_0006814,0
user_0006999,0
user_0016817,0
user_0000416,0
user_0007421,0
user_0013969,1
user_0007587,0
user_0013526,0
user_0007576,1
user_0007542,0
user_0013566,0
user_0007507,0
user_0019855,0
user_0006388,0
user_0000293,0
user_0013582,0
user_0013584,0
user_0013586,0
user_0019849,0
user_0007434,0
user_0016748,0
user_0005424,0
user_0017323,0
user_0011299,0
user_0005174,1
user_0005182,0
user_0017635,0
user_0014336,0
user_0012897,0
user_0000874,0
user_0016249,0
user_0005003,0
user_0008601,0
user_0017527,0
user_0008595,0
user_0005262,0
user_0008844,0
user_0013045,0
user_0014296,1
user_0008564,1
user_0012025,0
user_0003500,0
user_0003779,0
user_0003484,1
user_0003425,0
user_0015346,0
user_0003389,0
user_0010509,0
user_0003724,1
user_0007518,0
user_0017162,0
user_0000311,0
user_0009068,0
user_0007876,1
user_0003305,0
user_0000288,0
user_0010631,0
user_0017628,0
user_0014691,0
user_0006325,0
user_0001230,0
user_0005200,0
user_0008567,0
user_0003712,0
user_0018263,0
user_0001982,0
user_0015468,0
user_0014696,0
user_0012006,0
user_0017603,0
user_0010402,0
user_0013519,0
user_0006237,0
user_0018287,0
user_0009073,1
user_0005211,0
user_0015285,0
user_0000379,0
user_0015404,1
user_0003567,1
user_0011934,0
user_0013972,0
user_0015245,0
user_0014390,0
user_0007228,0
user_0000110,0
user_0016835,1
user_0011088,0
user_0002740,0
user_0002735,1
user_0011124,0
user_0007129,0
user_0019957,0
user_0008848,0
user_0011134,0
user_0002683,0
user_0007094,0
user_0013755,0
user_0016888,0
user_0007058,0
user_0002641,1
user_0011184,1
user_0011207,0
user_0013855,0
user_0011333,0
user_0008909,0
user_0016919,0
user_0018604,0
user_0015274,0
user_0013714,0
user_0002871,0
user_0000250,0
user_0018257,0
user_0007430,0
user_0013967,0
user_0010725,1
user_0009008,0
user_0003133,0
user_0013648,0
user_0017751,1
user_0019884,0
user_0003072,0
user_0003065,0
user_0003063,0
user_0010821,0
user_0010918,0
user_0013695,0
user_0010941,0
user_0017069,0
user_0006620,0
user_0000125,0
user_0019326,0
user_0002886,0
user_0011041,0
user_0002411,0
user_0017584,0
user_0004300,0
user_0007887,0
user_0000745,0
user_0008333,1
user_0005877,0
user_0019513,0
user_0014053,0
user_0009584,0
user_0004214,0
user_0018015,0
user_0019257,0
user_0017361,0
user_0009536,0
user_0013269,0
user_0012459,0
user_0008406,0
user_0004257,0
user_0013179,0
user_0005442,0
user_0012586,0
user_0005591,0
user_0004446,0
user_0000719,0
user_0001575,0
user_0015726,0
user_0004126,1
user_0004423,0
user_0005736,0
user_0000647,0
user_0008511,0
user_0005749,0
user_0018166,0
user_0005758,0
user_0009313,0
user_0017239,1
user_0012322,0
user_0009324,0
user_0009689,0
user_0009697,0
user_0008189,0
user_0017404,0
user_0009307,0
user_0014196,0
user_0003988,0
user_0008464,0
user_0009157,0
user_0009909,0
user_0017522,0
user_0007981,0
user_0005321,1
user_0019056,0
user_0000522,0
user_0015866,0
user_0009459,0
user_0005302,0
user_0007951,0
user_0017674,0
user_0001877,0
user_0009994,0
user_0000494,0
user_0004291,0
user_0006014,0
user_0009865,0
user_0001394,0
user_0005334,0
user_0004277,0
user_0019074,0
user_0014644,0
user_0013105,0
user_0009851,0
user_0003920,0
user_0014199,0
user_0017870,0
user_0005427,0
user_0008459,0
user_0011077,0
user_0017446,0
user_0008506,0
user_0004808,0
user_0016918,0
user_0004775,0
user_0015728,0
user_0017079,0
user_0004772,0
user_0005650,0
user_0008440,1
user_0006988,0
user_0016760,0
user_0002583,0
user_0016052,0
user_0008338,0
user_0006662,0
user_0004345,0
user_0011210,0
user_0011216,0
user_0011259,0
user_0015780,0
user_0004203,0
user_0005025,0
user_0017660,1
user_0018714,0
user_0015752,0
user_0004221,0
user_0007307,0
user_0016879,0
user_0006504,0
user_0015249,0
user_0009281,0
user_0007519,1
user_0006303,0
user_0018328,0
user_0007535,0
user_0006270,0
user_0018327,0
user_0005910,0
user_0003963,0
user_0007557,0
user_0005915,0
user_0003934,0
user_0015973,0
user_0003926,0
user_0010249,0
user_0009408,0
user_0003661,0
user_0004640,0
user_0009911,0
user_0018283,0
user_0007599,0
user_0009125,0
user_0007646,0
user_0007772,0
user_0015463,0
user_0016543,0
user_0007825,0
user_0005299,0
user_0006313,0
user_0018338,0
user_0018352,0
user_0010461,1
user_0010809,0
user_0008740,0
user_0016753,0
user_0004416,0
user_0004736,0
user_0017422,0
user_0017125,1
user_0004074,0
user_0016416,0
user_0003220,0
user_0007448,0
user_0005764,0
user_0003268,0
user_0007402,0
user_0015317,0
user_0017541,0
user_0009057,0
user_0003306,0
user_0008072,0
user_0004037,0
user_0018374,0
user_0005189,0
user_0015334,0
user_0017803,0
user_0004653,1
user_0005879,0
user_0009800,0
user_0005892,1
user_0017605,0
user_0007595,0
user_0006967,1
user_0011307,0
user_0012397,1
user_0002402,0
user_0014250,0
user_0014572,0
user_0013119,1
user_0001550,0
user_0001583,0
user_0013248,0
user_0002414,0
user_0014097,0
user_0014955,0
user_0013315,0
user_0012288,0
user_0000604,0
user_0019591,0
user_0013356,1
user_0014048,0
user_0011639,0
user_0019651,0
user_0001496,0
user_0019183,0
user_0012738,0
user_0012651,0
user_0012753,0
user_0012763,0
user_0012770,0
user_0012775,0
user_0019359,0
user_0001295,0
user_0014458,0
user_0012851,0
user_0000997,0
user_0001354,0
user_0019232,0
user_0000947,0
user_0000945,0
user_0012543,0
user_0019430,0
user_0012436,0
user_0001756,0
user_0000632,0
user_0014026,0
user_0002547,1
user_0000035,0
user_0011813,0
user_0002225,0
user_0011854,0
user_0013902,0
user_0019919,0
user_0018866,0
user_0013664,0
user_0014745,0
user_0011907,0
user_0000356,0
user_0018967,1
user_0018783,0
user_0011909,1
user_0014020,0
user_0012123,0
user_0019698,0
user_0012071,0
user_0001200,0
user_0012677,0
user_0009322,0
user_0004368,0
user_0012034,1
user_0015946,0
user_0001322,0
user_0012239,0
user_0019066,1
user_0009247,0
user_0003428,0
user_0003472,0
user_0015611,0
user_0003938,0
user_0009192,0
user_0003388,0
user_0015340,0
user_0009648,0
user_0001777,0
user_0015993,0
user_0001238,0
user_0010552,0
user_0015956,0
user_0003474,0
user_0015620,1
user_0012564,1
user_0018957,1
user_0004159,0
user_0001580,0
user_0010143,0
user_0012360,0
user_0003684,0
user_0010174,0
user_0010196,0
user_0001535,0
user_0001635,0
user_0019170,0
user_0010274,0
user_0001760,0
user_0009938,0
user_0010349,0
user_0012275,0
user_0010371,0
user_0012477,0
user_0015850,0
user_0010432,1
user_0012050,0
user_0012336,0
user_0014601,0
user_0005035,0
user_0019315,0
user_0013999,0
user_0000423,0
user_0007695,0
user_0007722,0
user_0013473,0
user_0007812,0
user_0007838,0
user_0007839,0
user_0017240,0
user_0000474,0
user_0007947,0
user_0017332,0
user_0013423,0
user_0005946,0
user_0019605,0
user_0006244,0
user_0005890,0
user_0006283,0
user_0000335,0
user_0013834,0
user_0007178,0
user_0016832,0
user_0000105,0
user_0017044,0
user_0006655,0
user_0007226,0
user_0007309,0
user_0007344,0
user_0006517,0
user_0007459,0
user_0000266,0
user_0013577,0
user_0000326,0
user_0016719,0
user_0013564,0
user_0009039,0
user_0016464,0
user_0008171,0
user_0005212,0
user_0005204,0
user_0005124,0
user_0005111,1
user_0005098,0
user_0016165,0
user_0008747,0
user_0011756,0
user_0008852,0
user_0001054,0
user_0008890,0
user_0001085,0
user_0004801,0
user_0017739,0
user_0001126,0
user_0008609,0
user_0017391,0
user_0014306,0
user_0008557,0
user_0008214,0
user_0008221,0
user_0016393,0
user_0008252,0
user_0014154,1
user_0013188,0
user_0008398,0
user_0017502,0
user_0000795,0
user_0013094,1
user_0017539,0
user_0008513,0
user_0013059,0
user_0016241,0
user_0008550,1
user_0005265,0
user_0002192,0
user_0006912,0
user_0015114,0
user_0011285,0
user_0002533,0
user_0002661,0
user_0010831,0
user_0002636,0
user_0010609,0
user_0010650,0
user_0018818,0
user_0003045,0
user_0011553,0
user_0002823,0
user_0011634,0
user_0003081,0
user_0002393,0
user_0011439,0
user_0011005,0
user_0011600,1
user_0002889,0
user_0011209,0
user_0002577,0
user_0010769,0
user_0014963,0
user_0003177,0
user_0018523,0
user_0006234,0
user_0004343,0
user_0013993,0
user_0008366,1
user_0009934,0
user_0003155,0
user_0004323,0
user_0007558,0
user_0011359,0
user_0002335,0
user_0009169,0
user_0003902,0
user_0012131,0
user_0017131,0
user_0007578,1
user_0013982,0
user_0000258,0
user_0019499,0
user_0015143,0
user_0012046,0
user_0010089,0
user_0010081,0
user_0005438,0
user_0005523,0
user_0012614,0
user_0007461,0
user_0008409,0
user_0011070,0
user_0003028,0
user_0003720,0
user_0019247,0
user_0012056,0
user_0007509,0
user_0017631,0
user_0003060,1
user_0019549,0
user_0014626,0
user_0000651,0
user_0016064,0
user_0012314,0
user_0018094,0
user_0009687,0
user_0000529,0
user_0009678,0
user_0005685,0
user_0019669,0
user_0016427,0
user_0008016,0
user_0005922,0
user_0004119,0
user_0001547,0
user_0008106,1
user_0008097,0
user_0013364,0
user_0009614,0
user_0017355,0
user_0006211,0
user_0017244,0
user_0011084,0
user_0016369,0
user_0002270,0
user_0004495,0
user_0019215,0
user_0019758,0
user_0002676,0
user_0000438,0
user_0009832,0
user_0012207,0
user_0019186,0
user_0016644,0
user_0017957,0
user_0002280,0
user_0004266,0
user_0015044,0
user_0014103,0
user_0002473,0
user_0011504,0
user_0018136,0
user_0009498,0
user_0005646,0
user_0006200,0
user_0001948,0
user_0004500,0
user_0007113,0
user_0018443,0
user_0006761,0
user_0010445,0
user_0006754,0
user_0014786,0
user_0002096,0
user_0015369,0
user_0000089,0
user_0012942,0
user_0007170,0
user_0003468,0
user_0016174,0
user_0000191,0
user_0007199,0
user_0005125,1
user_0017050,0
user_0012717,1
user_0015019,0
user_0010454,0
user_0015358,0
user_0014791,0
user_0005080,0
user_0003285,0
user_0016060,0
user_0008914,0
user_0008934,0
user_0004985,1
user_0012834,0
user_0013814,1
user_0006835,0
user_0016100,0
user_0018696,0
user_0004795,0
user_0003351,0
user_0008792,0
user_0018371,0
user_0017731,0
user_0018898,0
user_0006812,0
user_0014809,1
user_0013779,0
user_0006800,1
user_0018431,0
user_0010399,0
user_0016469,0
user_0002387,0
user_0003607,0
user_0000121,0
user_0009109,0
user_0012690,0
user_0000139,0
user_0018301,0
user_0003612,1
user_0011231,0
user_0010315,0
user_0011530,0
user_0005332,0
user_0008538,0
user_0013933,0
user_0019895,0
user_0016811,0
user_0005333,0
user_0003080,0
user_0017377,1
user_0010896,0
user_0001502,0
user_0010960,0
user_0008863,0
user_0016294,0
user_0010895,0
user_0016405,0
user_0008788,0
user_0013333,0
user_0000648,0
user_0004908,0
user_0008066,0
user_0008871,0
user_0013133,0
user_0003019,0
user_0013076,0
user_0014345,0
user_0002401,0
user_0001053,0
user_0005776,0
user_0016422,0
user_0012784,0
user_0009186,0
user_0009183,0
user_0012798,0
user_0013326,0
user_0018574,0
user_0016282,0
user_0014273,0
user_0014531,0
user_0015902,1
user_0010923,0
user_0004693,0
user_0009056,0
user_0009439,0
user_0009065,0
user_0016342,0
user_0016213,0
user_0010826,0
user_0001377,0
user_0005564,0
user_0016357,0
user_0019399,0
user_0005543,0
user_0019528,0
user_0011030,0
user_0012602,0
user_0008382,0
user_0005452,0
user_0004769,0
user_0002361,0
user_0008596,0
user_0017600,0
user_0005472,0
user_0010911,0
user_0015938,0
user_0004747,0
user_0002902,0
user_0012695,0
user_0016169,0
user_0012532,1
user_0004386,0
user_0013222,0
user_0012913,0
user_0015999,0
user_0011435,0
user_0008039,0
user_0011944,0
user_0007355,0
user_0007364,0
user_0006529,1
user_0006515,0
user_0016759,0
user_0017127,0
user_0018058,0
user_0001960,0
user_0014709,0
user_0014986,0
user_0014708,0
user_0019813,0
user_0003751,0
user_0006415,0
user_0001892,0
user_0010057,0
user_0003812,0
user_0010020,0
user_0018227,0
user_0014690,0
user_0003831,0
user_0009978,0
user_0013568,0
user_0018221,0
user_0011931,0
user_0003165,0
user_0006567,0
user_0018299,0
user_0018416,0
user_0006904,1
user_0006918,0
user_0006959,0
user_0013823,0
user_0010580,0
user_0010613,0
user_0006991,0
user_0011764,0
user_0016973,1
user_0007014,0
user_0010538,0
user_0016990,0
user_0007072,0
user_0007125,0
user_0002538,1
user_0011737,0
user_0014766,1
user_0007216,1
user_0006669,0
user_0003514,0
user_0010400,1
user_0010331,0
user_0010295,0
user_0019918,0
user_0016780,0
user_0018768,1
user_0007445,0
user_0017686,1
user_0019686,0
user_0009692,0
user_0016552,0
user_0015690,0
user_0012326,0
user_0012264,0
user_0007611,0
user_0018176,0
user_0011378,0
user_0019761,0
user_0009850,0
user_0018670,0
user_0009738,0
user_0014976,0
user_0001595,0
user_0002264,0
user_0015553,0
user_0016558,1
user_0011653,0
user_0013370,0
user_0011708,0
user_0008034,0
user_0011374,0
user_0015706,0
user_0014051,0
user_0017193,0
user_0018186,0
user_0007181,0
user_0000491,0
user_0000097,0
user_0005751,0
user_0005131,0
user_0018619,0
user_0000641,0
user_0008616,0
user_0000968,0
user_0005151,1
user_0007906,0
user_0006650,1
user_0017047,0
user_0005723,0
user_0008642,0
user_0005148,0
user_0002924,0
user_0007040,0
user_0019960,0
user_0004926,1
user_0006890,0
user_0019976,0
user_0006869,0
user_0000559,1
user_0016078,0
user_0002941,0
user_0016952,0
user_0005792,0
user_0019553,0
user_0005000,0
user_0007000,0
user_0016104,0
user_0011114,0
user_0019679,0
user_0006822,0
user_0011323,0
user_0007073,0
user_0007105,0
user_0000983,0
user_0006833,0
user_0000123,0
user_0000353,0
user_0007259,0
user_0002882,0
user_0002846,0
user_0008471,0
user_0013490,0
user_0015001,0
user_0014242,0
user_0017146,0
user_0000791,0
user_0007478,0
user_0006396,0
user_0016315,0
user_0005584,0
user_0000319,0
user_0017148,0
user_0016742,1
user_0014186,0
user_0000365,0
user_0008396,0
user_0006297,1
user_0000359,0
user_0016356,0
user_0017472,0
user_0007528,0
user_0019533,0
user_0011022,1
user_0005350,0
user_0013653,0
user_0011384,1
user_0008611,0
user_0019403,0
user_0016784,0
user_0007312,0
user_0006111,1
user_0019413,0
user_0006565,0
user_0012996,1
user_0007333,0
user_0015079,1
user_0007353,0
user_0002728,0
user_0007873,0
user_0000456,0
user_0013453,0
user_0008536,0
user_0013698,0
user_0002682,0
user_0013069,0
user_0016251,0
user_0000190,0
user_0008515,0
user_0000230,0
user_0017265,0
user_0010605,0
user_0004359,0
user_0009607,0
user_0018047,0
user_0009613,1
user_0003867,0
user_0003516,0
user_0004372,0
user_0001582,0
user_0003881,0
user_0015702,0
user_0003096,0
user_0003471,0
user_0011302,0
user_0011850,0
user_0003455,1
user_0003448,1
user_0004687,0
user_0010447,0
user_0015353,0
user_0009025,0
user_0014889,0
user_0015695,1
user_0003840,0
user_0009969,0
user_0011641,0
user_0010203,0
user_0015906,0
user_0012585,0
user_0003632,0
user_0001370,0
user_0010242,0
user_0003660,0
user_0011979,0
user_0004272,0
user_0001415,0
user_0015957,0
user_0004262,0
user_0018463,0
user_0011717,0
user_0015783,0
user_0011982,0
user_0003722,0
user_0004484,0
user_0009162,0
user_0002246,0
user_0010055,0
user_0019310,0
user_0009669,0
user_0018472,0
user_0010765,0
user_0018868,1
user_0014920,0
user_0003151,1
user_0004813,0
user_0002973,0
user_0002200,0
user_0002190,0
user_0002218,1
user_0014617,1
user_0003346,1
user_0014893,0
user_0010513,0
user_0009740,0
user_0003896,0
user_0019323,0
user_0010753,0
user_0002991,0
user_0001648,0
user_0004065,0
user_0001842,0
user_0013592,0
user_0013252,0
user_0019536,0
user_0019769,0
user_0005678,0
user_0011669,1
user_0003916,0
user_0007449,0
user_0013288,0
user_0016575,0
user_0000510,0
user_0017981,0
user_0001943,0
user_0007883,0
user_0010114,1
user_0002821,0
user_0002672,0
user_0000680,0
user_0006282,0
user_0005618,0
user_0013687,0
user_0009817,0
user_0002515,0
user_0000429,1
user_0004316,0
user_0013661,0
user_0007705,0
user_0006130,0
user_0017356,0
user_0008337,0
user_0015612,0
user_0000754,0
user_0013656,0
user_0015616,0
user_0018473,0
user_0002406,0
user_0011969,0
user_0015047,0
user_0018453,1
user_0014847,0
user_0017424,0
user_0010661,0
user_0005871,0
user_0014065,1
user_0019165,0
user_0016718,0
user_0012345,0
user_0002780,0
user_0005891,0
user_0018646,0
user_0004044,0
user_0019126,0
user_0011413,0
user_0018834,0
user_0003884,0
user_0010999,0
user_0006041,0
user_0018650,0
user_0017296,0
user_0016485,0
user_0009917,0
user_0013429,0
user_0008080,0
user_0008208,0
user_0012441,0
user_0019792,0
user_0019557,0
user_0018621,0
user_0006381,0
user_0014039,0
user_0019766,0
user_0019072,0
user_0016421,0
user_0016497,0
user_0019570,0
user_0016428,0
user_0009694,1
user_0018220,0
user_0013558,1
user_0017279,0
user_0004176,0
user_0013415,1
user_0011651,0
user_0008886,0
user_0008376,0
user_0006770,0
user_0011837,0
user_0005157,0
user_0005173,0
user_0015287,0
user_0006720,0
user_0001216,0
user_0019284,0
user_0017840,0
user_0005238,0
user_0005139,0
user_0009083,0
user_0018741,0
user_0009102,0
user_0005282,1
user_0003520,1
user_0013015,0
user_0010405,0
user_0005304,0
user_0016227,0
user_0004538,0
user_0001258,0
user_0011031,0
user_0009017,0
user_0007096,0
user_0005113,0
user_0003286,0
user_0002215,0
user_0017719,0
user_0004859,0
user_0006870,0
user_0004829,0
user_0004962,0
user_0013846,0
user_0006972,1
user_0004995,0
user_0012862,0
user_0012877,0
user_0003372,0
user_0016023,0
user_0012889,0
user_0017733,0
user_0003396,0
user_0011009,0
user_0000052,0
user_0018554,0
user_0012940,0
user_0016012,0
user_0013744,0
user_0006627,0
user_0004513,0
user_0011035,0
user_0011921,0
user_0005406,0
user_0002875,0
user_0009246,0
user_0014442,0
user_0010890,0
user_0005403,0
user_0006545,0
user_0003623,0
user_0006594,0
user_0019501,0
user_0009296,0
user_0010211,0
user_0005439,0
user_0007292,0
user_0015131,0
user_0015276,1
user_0009251,0
user_0019922,0
user_0019272,0
user_0017473,0
user_0014259,0
user_0003577,0
user_0008508,0
user_0015288,1
user_0010223,0
user_0011811,0
user_0006390,0
user_0007416,0
user_0006559,0
user_0002111,0
user_0013650,0
user_0000225,0
user_0000229,1
user_0013767,0
user_0019063,0
user_0010492,0
user_0015326,0
user_0011790,0
user_0019089,0
user_0010603,0
user_0002217,0
user_0013702,0
user_0018870,0
user_0006530,0
user_0006862,0
user_0003163,0
user_0001762,0
user_0010221,0
user_0007590,0
user_0011949,0
user_0013939,0
user_0003913,0
user_0003327,0
user_0010195,0
user_0015609,0
user_0018692,0
user_0016775,0
user_0007564,0
user_0006311,0
user_0019949,0
user_0013693,0
user_0010657,0
user_0017171,0
user_0006661,0
user_0012086,0
user_0006336,0
user_0010126,0
user_0012079,0
user_0011735,1
user_0010406,0
user_0003528,0
user_0007475,0
user_0014751,0
user_0018228,0
user_0010373,0
user_0011736,0
user_0011713,0
user_0011170,0
user_0013528,0
user_0014753,0
user_0017066,0
user_0014729,0
user_0013609,0
user_0002045,0
user_0003599,0
user_0003176,0
user_0002050,0
user_0010181,0
user_0018354,0
user_0006274,0
user_0003259,0
user_0002080,0
user_0006727,0
user_0018457,0
user_0011332,0
user_0000364,0
user_0003249,0
user_0011860,0
user_0009933,0
user_0010419,0
user_0010282,0
user_0001733,0
user_0004120,0
user_0004393,0
user_0012656,0
user_0003021,1
user_0016250,0
user_0017564,0
user_0009158,1
user_0019269,0
user_0009174,0
user_0011509,0
user_0016287,0
user_0018589,0
user_0011051,0
user_0004422,0
user_0016313,0
user_0004411,0
user_0014189,0
user_0012612,0
user_0007726,0
user_0015844,0
user_0015861,0
user_0005583,0
user_0012565,0
user_0005575,0
user_0000755,0
user_0009108,0
user_0005561,0
user_0009330,0
user_0005542,0
user_0009326,1
user_0011584,0
user_0005501,0
user_0013180,0
user_0018595,0
user_0004574,0
user_0017850,0
user_0019426,1
user_0017642,0
user_0016136,0
user_0016108,0
user_0019330,0
user_0008827,0
user_0019379,0
user_0002377,0
user_0008946,0
user_0008850,0
user_0004823,0
user_0001077,0
user_0004852,1
user_0004916,0
user_0002948,0
user_0018530,0
user_0005593,0
user_0004749,0
user_0004719,0
user_0017597,0
user_0005231,0
user_0005219,0
user_0012710,0
user_0014406,0
user_0004654,0
user_0008735,0
user_0001195,0
user_0000961,0
user_0004678,1
user_0016200,0
user_0019293,0
user_0012726,0
user_0005136,0
user_0009071,1
user_0014511,0
user_0004673,0
user_0002746,0
user_0000639,0
user_0018639,0
user_0011103,0
user_0006058,0
user_0008183,0
user_0011663,0
user_0004196,0
user_0005862,0
user_0018036,0
user_0018791,0
user_0002745,0
user_0005820,0
user_0008130,0
user_0009778,0
user_0018657,0
user_0018631,0
user_0012253,1
user_0006109,0
user_0005745,0
user_0014583,0
user_0019161,0
user_0016498,0
user_0005998,0
user_0019626,0
user_0017960,0
user_0006137,0
user_0015185,0
user_0001480,0
user_0016512,0
user_0005709,0
user_0007792,0
user_0000498,0
user_0011608,0
user_0004222,0
user_0005703,0
user_0016195,0
user_0012725,0
user_0012947,0
user_0012274,0
user_0007884,0
user_0011571,0
user_0007916,0
user_0007118,0
user_0009491,0
user_0012749,0
user_0008881,0
user_0016630,0
user_0010600,0
user_0008895,0
user_0009818,1
user_0008872,0
user_0007802,0
user_0012822,0
user_0015610,0
user_0016656,0
user_0010469,0
user_0014661,0
user_0010617,1
user_0013498,0
user_0007860,0
user_0011002,0
user_0010541,0
user_0009811,0
user_0015098,0
user_0014003,0
user_0008771,0
user_0015623,0
user_0011567,1
user_0010504,0
user_0012980,0
user_0007194,0
user_0009254,0
user_0011086,0
user_0015075,0
user_0007493,0
user_0012435,1
user_0010813,0
user_0009550,1
user_0013689,0
user_0010105,0
user_0015004,0
user_0015878,0
user_0008219,0
user_0016744,0
user_0012456,0
user_0010158,0
user_0014886,0
user_0014502,0
user_0014945,0
user_0008282,0
user_0016376,0
user_0016382,0
user_0011645,0
user_0013883,0
user_0008441,0
user_0009209,0
user_0012696,0
user_0008610,0
user_0013389,0
user_0009095,0
user_0015718,0
user_0016216,0
user_0014679,0
user_0009107,0
user_0013039,0
user_0012652,0
user_0010785,0
user_0013327,0
user_0010320,0
user_0015031,0
user_0011338,0
user_0013070,0
user_0013074,0
user_0011044,0
user_0008098,0
user_0010899,0
user_0013114,0
user_0013155,1
user_0009826,0
user_0013848,0
user_0005558,0
user_0003264,0
user_0002855,0
user_0019013,1
user_0004443,0
user_0004462,0
user_0006645,0
user_0018668,0
user_0017853,0
user_0002649,0
user_0004601,0
user_0003344,0
user_0000921,0
user_0019440,0
user_0018689,1
user_0004797,0
user_0003865,0
user_0017241,0
user_0004884,0
user_0002544,0
user_0006611,0
user_0017909,0
user_0003222,1
user_0001706,0
user_0004218,0
user_0019870,1
user_0003076,0
user_0018056,0
user_0003105,0
user_0001204,0
user_0018080,0
user_0003035,0
user_0018091,0
user_0002539,1
user_0006463,0
user_0019276,0
user_0004047,0
user_0006602,0
user_0006605,0
user_0004312,0
user_0019838,0
user_0019038,0
user_0002891,0
user_0018286,0
user_0001109,0
user_0001942,0
user_0006153,0
user_0018264,0
user_0018269,1
user_0016978,0
user_0002369,0
user_0005675,0
user_0017593,0
user_0002063,0
user_0000675,0
user_0003718,0
user_0003678,1
user_0003627,0
user_0005812,0
user_0000726,0
user_0006206,0
user_0002296,0
user_0017187,0
user_0017462,0
user_0003579,1
user_0006251,0
user_0005516,0
user_0016942,0
user_0002185,0
user_0006243,0
user_0017525,0
user_0019476,0
user_0018032,0
user_0018307,0
user_0005061,0
user_0001974,1
user_0018799,0
user_0017163,1
user_0018248,0
user_0002474,0
user_0001594,0
user_0005100,0
user_0019211,1
user_0019469,0
user_0005785,0
user_0006781,0
user_0009625,0
user_0006147,0
user_0019212,0
user_0004107,0
user_0016699,0
user_0007831,0
user_0006128,0
user_0001407,0
user_0016623,0
user_0010088,0
user_0013479,0
user_0003794,0
user_0010187,0
user_0012597,0
user_0018185,0
user_0000385,0
user_0013485,0
user_0010132,0
user_0019205,0
user_0009810,0
user_0014486,0
user_0001412,0
user_0009334,0
user_0004243,0
user_0017652,1
user_0008176,0
user_0000822,0
user_0008752,0
user_0005747,0
user_0000817,0
user_0008736,0
user_0008666,0
user_0005147,0
user_0008233,0
user_0013158,0
user_0004956,0
user_0019486,0
user_0005293,0
user_0005301,0
user_0000763,0
user_0000762,0
user_0008534,0
user_0016280,0
user_0013218,0
user_0008325,0
user_0005460,0
user_0005521,0
user_0005548,0
user_0017594,0
user_0004862,0
user_0019454,0
user_0016451,0
user_0001156,0
user_0012741,0
user_0013450,0
user_0007908,0
user_0016547,0
user_0017935,0
user_0009436,0
user_0013434,0
user_0009435,1
user_0015858,0
user_0019624,0
user_0006006,0
user_0009365,0
user_0017357,1
user_0016494,0
user_0005950,0
user_0004417,0
user_0017891,0
user_0017877,0
user_0019400,0
user_0009058,0
user_0009051,0
user_0005828,0
user_0016035,0
user_0008940,0
user_0004195,0
user_0015444,0
user_0016933,0
user_0007589,0
user_0006790,0
user_0015147,0
user_0018490,0
user_0010817,0
user_0003066,0
user_0006807,0
user_0007371,0
user_0019864,1
user_0011487,0
user_0003116,0
user_0018479,0
user_0003138,0
user_0007042,0
user_0012251,0
user_0012252,0
user_0014937,0
user_0011535,1
user_0016762,0
user_0012268,0
user_0007081,0
user_0007331,0
user_0007208,0
user_0012053,0
user_0018672,0
user_0013881,0
user_0011220,0
user_0019911,0
user_0011226,0
user_0002601,0
user_0015072,0
user_0015443,1
user_0018513,0
user_0002579,0
user_0015007,0
user_0011986,0
user_0019078,1
user_0016765,0
user_0011370,0
user_0018952,0
user_0002051,0
user_0017030,1
user_0012286,0
user_0006382,0
user_0014748,0
user_0019812,0
user_0003399,0
user_0003408,0
user_0007021,0
user_0016906,0
user_0015383,0
user_0002288,0
user_0007545,0
user_0010332,0
user_0013841,0
user_0015403,0
user_0003591,0
user_0010364,0
user_0013574,0
user_0019162,0
user_0001631,1
user_0006989,0
user_0011576,0
user_0003326,0
user_0002327,0
user_0002326,0
user_0000892,0
user_0008936,0
user_0019009,0
user_0002600,0
user_0016185,0
user_0016042,0
user_0018849,0
user_0002391,0
user_0014851,0
user_0018931,0
user_0000914,0
user_0015030,0
user_0001885,0
user_0004683,0
user_0002110,0
user_0011572,0
user_0014926,0
user_0009081,0
user_0017483,0
user_0011288,0
user_0004866,0
user_0000768,0
user_0013201,0
user_0005371,0
user_0002415,0
user_0005073,0
user_0013121,0
user_0011638,0
user_0015040,0
user_0014854,0
user_0013118,0
user_0002438,1
user_0019471,0
user_0005398,0
user_0011889,0
user_0000766,1
user_0016116,0
user_0014715,0
user_0005436,0
user_0002507,0
user_0011654,0
user_0018738,0
user_0017709,0
user_0005346,0
user_0014732,1
user_0015076,0
user_0014310,0
user_0003304,1
user_0015604,0
user_0015298,0
user_0003943,0
user_0003998,0
user_0003293,0
user_0009744,1
user_0010691,1
user_0012661,0
user_0018471,0
user_0010712,0
user_0014422,0
user_0001218,0
user_0009654,0
user_0009644,0
user_0014468,0
user_0018066,0
user_0003349,0
user_0015345,0
user_0003617,0
user_0010301,0
user_0010318,0
user_0001448,0
user_0010157,0
user_0012410,0
user_0018306,0
user_0012398,0
user_0003524,0
user_0019980,1
user_0018357,0
user_0019154,0
user_0015523,0
user_0009970,0
user_0014595,0
user_0019217,0
user_0010799,1
user_0009552,0
user_0003057,0
user_0018579,0
user_0001035,1
user_0004385,0
user_0014360,0
user_0014351,0
user_0011065,0
user_0018625,0
user_0018637,0
user_0014688,1
user_0009216,0
user_0002734,0
user_0009179,0
user_0004501,0
user_0015977,0
user_0015991,0
user_0012793,0
user_0018524,0
user_0004306,0
user_0001830,0
user_0001157,0
user_0014388,0
user_0010861,0
user_0001116,0
user_0014641,0
user_0017947,0
user_0015838,0
user_0000976,0
user_0003041,0
user_0015857,0
user_0009420,0
user_0010912,0
user_0017926,0
user_0014793,0
user_0003000,0
user_0014376,0
user_0015115,0
user_0015455,0
user_0009405,0
user_0007209,0
user_0000021,0
user_0013567,0
user_0006585,0
user_0006855,0
user_0005895,0
user_0000594,0
user_0019602,0
user_0006349,0
user_0005631,0
user_0008013,0
user_0016488,0
user_0017359,0
user_0007827,0
user_0016580,0
user_0000287,0
user_0006547,0
user_0007102,0
user_0005742,1
user_0007428,0
user_0000235,0
user_0006042,0
user_0006450,0
user_0017286,0
user_0008047,0
user_0008193,0
user_0006101,0
user_0013765,0
user_0017103,1
user_0017132,0
user_0016999,0
user_0019740,0
user_0008224,0
user_0006306,0
user_0000320,0
user_0016688,1
user_0016793,0
user_0006734,0
user_0006224,0
user_0006634,0
user_0000400,0
user_0008310,0
user_0005576,1
user_0006190,0
user_0000384,0
user_0016833,0
user_0017228,0
user_0008145,0
user_0007176,0
user_0019938,0
user_0000659,0
user_0012968,0
user_0000934,0
user_0009369,0
user_0004313,0
user_0019324,0
user_0017943,0
user_0016507,0
user_0009411,0
user_0017385,0
user_0018660,0
user_0010811,0
user_0013711,0
user_0002754,0
user_0003143,0
user_0009421,1
user_0019897,0
user_0006540,0
user_0005893,0
user_0015100,0
user_0011000,0
user_0019384,0
user_0015959,0
user_0011015,1
user_0009469,1
user_0002903,0
user_0007317,0
user_0004452,0
user_0013645,0
user_0012193,0
user_0012076,1
user_0017902,0
user_0017907,0
user_0010850,0
user_0007284,0
user_0014062,0
user_0003052,0
user_0012073,0
user_0000142,0
user_0013336,0
user_0010858,0
user_0004274,0
user_0014792,0
user_0001717,0
user_0006310,0
user_0001563,0
user_0009767,0
user_0001539,0
user_0003540,0
user_0004007,0
user_0003543,0
user_0017173,0
user_0018153,0
user_0010329,0
user_0009837,1
user_0010323,0
user_0007551,0
user_0017178,0
user_0007573,1
user_0015422,0
user_0001369,0
user_0012524,0
user_0007641,0
user_0017222,0
user_0010054,0
user_0015489,0
user_0013527,0
user_0018356,0
user_0003836,0
user_0013538,0
user_0003635,0
user_0012466,0
user_0009920,0
user_0003603,0
user_0015432,0
user_0012545,0
user_0009474,0
user_0019751,0
user_0015666,0
user_0007436,0
user_0001125,0
user_0004261,0
user_0018469,0
user_0003164,0
user_0006076,0
user_0003200,0
user_0015775,0
user_0013931,0
user_0018442,0
user_0016749,0
user_0010630,0
user_0015290,0
user_0018429,0
user_0018425,0
user_0004204,0
user_0017137,0
user_0009723,0
user_0015350,0
user_0010511,0
user_0001605,0
user_0017145,0
user_0015676,0
user_0006345,0
user_0014431,0
user_0014613,0
user_0006412,0
user_0019115,0
user_0015708,0
user_0019113,0
user_0004163,0
user_0019743,0
user_0003258,0
user_0013990,0
user_0019435,0
user_0002445,0
user_0008299,1
user_0016373,0
user_0018971,0
user_0000856,0
user_0008864,0
user_0011690,0
user_0016865,0
user_0014253,0
user_0008745,0
user_0000875,1
user_0016215,0
user_0013762,0
user_0014827,0
user_0018850,0
user_0019543,0
user_0006756,0
user_0013212,0
user_0016218,0
user_0013816,0
user_0005337,0
user_0017574,0
user_0005310,0
user_0008278,0
user_0005773,0
user_0005770,0
user_0002357,0
user_0000831,0
user_0016913,0
user_0001963,1
user_0017536,0
user_0008824,0
user_0006759,0
user_0011524,0
user_0001955,0
user_0006771,0
user_0002003,0
user_0018995,0
user_0008432,0
user_0006708,1
user_0017627,0
user_0001915,0
user_0013853,0
user_0008692,0
user_0011561,0
user_0011185,0
user_0008121,0
user_0008688,0
user_0016349,0
user_0002084,0
user_0013274,0
user_0011778,0
user_0016189,0
user_0018809,0
user_0006823,0
user_0016363,0
user_0008124,0
user_0006832,0
user_0002222,0
user_0008313,0
user_0008245,0
user_0017027,0
user_0016058,0
user_0005228,0
user_0011486,0
user_0008712,0
user_0006879,0
user_0017496,0
user_0005700,0
user_0002336,0
user_0001651,0
user_0010479,1
user_0005191,1
user_0011536,0
user_0018405,0
user_0018364,0
user_0005666,0
user_0007485,0
user_0005683,0
user_0019292,0
user_0003360,0
user_0008260,0
user_0007852,0
user_0006116,0
user_0004175,0
user_0016897,0
user_0006125,0
user_0001213,0
user_0005247,0
user_0010567,0
user_0015758,0
user_0012687,0
user_0001878,0
user_0011904,0
user_0017203,0
user_0003880,0
user_0015575,0
user_0011721,0
user_0003629,0
user_0019759,1
user_0009951,0
user_0017211,0
user_0014765,0
user_0002250,0
user_0005495,0
user_0013840,0
user_0015522,0
user_0016675,0
user_0010007,0
user_0019190,0
user_0008365,0
user_0012505,0
user_0018895,0
user_0008353,0
user_0016336,0
user_0005437,0
user_0001358,0
user_0015587,0
user_0012646,0
user_0005609,0
user_0012356,0
user_0010433,0
user_0010422,0
user_0006309,0
user_0008487,0
user_0007526,0
user_0008475,0
user_0003999,0
user_0010344,0
user_0003995,0
user_0018933,0
user_0003991,0
user_0014550,0
user_0010328,0
user_0006140,0
user_0003915,0
user_0012449,0
user_0010302,0
user_0014004,0
user_0000748,0
user_0019252,0
user_0015260,0
user_0017969,1
user_0001788,0
user_0008865,0
user_0000187,0
user_0011296,0
user_0006744,0
user_0006169,0
user_0007319,0
user_0007327,0
user_0001016,0
user_0004499,0
user_0011345,0
user_0015933,1
user_0003044,0
user_0010836,0
user_0012829,0
user_0001037,0
user_0001970,1
user_0015897,1
user_0019364,0
user_0016755,0
user_0006094,0
user_0015167,0
user_0002932,0
user_0015089,0
user_0008994,0
user_0008998,0
user_0017763,1
user_0013928,0
user_0008969,0
user_0009034,0
user_0011128,0
user_0019945,0
user_0015060,0
user_0001007,0
user_0011113,0
user_0002794,0
user_0002860,0
user_0016046,0
user_0009106,0
user_0005875,0
user_0016056,1
user_0000981,0
user_0009116,0
user_0000880,0
user_0019913,0
user_0010780,0
user_0013380,0
user_0002433,0
user_0017432,0
user_0014635,0
user_0005105,0
user_0019093,0
user_0015202,0
user_0008205,0
user_0014727,0
user_0015860,0
user_0019659,0
user_0004265,0
user_0014725,0
user_0006009,0
user_0000804,0
user_0019850,1
user_0015244,0
user_0010771,0
user_0006002,0
user_0002465,0
user_0010121,1
user_0013704,0
user_0003277,0
user_0016890,0
user_0003769,0
user_0000034,0
user_0010602,0
user_0015238,1
user_0002835,0
user_0018467,0
user_0019010,0
user_0010659,1
user_0006187,0
user_0010666,0
user_0011545,0
user_0003657,0
user_0002376,0
user_0002398,0
user_0002019,0
user_0002640,0
user_0001690,0
user_0012037,0
user_0016677,0
user_0018916,0
user_0016797,0
user_0011098,0
user_0003672,0
user_0011096,0
user_0007249,1
user_0011132,0
user_0002378,0
user_0018927,0
user_0013600,0
user_0011605,0
user_0018541,1
user_0011672,0
user_0018761,0
user_0019176,0
user_0011394,0
user_0011887,0
user_0014984,0
user_0012236,1
user_0010856,0
user_0017008,0
user_0007496,0
user_0010810,0
user_0007394,0
user_0003406,0
user_0010807,0
user_0003381,0
user_0003098,0
user_0012221,0
user_0018811,0
user_0001946,0
user_0002052,0
user_0002254,0
user_0002603,0
user_0003578,0
user_0013879,0
user_0018790,0
user_0001484,0
user_0011701,0
user_0000367,0
user_0003564,0
user_0003014,0
user_0010734,0
user_0007010,0
user_0012183,0
user_0014700,0
user_0012242,0
user_0014733,0
user_0002277,0
user_0010898,0
user_0014118,0
user_0012531,0
user_0016411,0
user_0007976,1
user_0007944,0
user_0007935,0
user_0000504,1
user_0004288,0
user_0013441,1
user_0016177,0
user_0004260,0
user_0013152,0
user_0015791,0
user_0004223,0
user_0017611,0
user_0009542,1
user_0007997,0
user_0019725,0
user_0001198,0
user_0004115,0
user_0005214,0
user_0017237,0
user_0004076,1
user_0014006,0
user_0008576,0
user_0013466,0
user_0009703,0
user_0001249,0
user_0014116,1
user_0007801,0
user_0009754,0
user_0018126,0
user_0009633,0
user_0004020,0
user_0017630,1
user_0005760,0
user_0013061,0
user_0014085,0
user_0014276,0
user_0013292,0
user_0008081,0
user_0009059,0
user_0004681,0
user_0005816,0
user_0008078,0
user_0019391,0
user_0017679,0
user_0017849,1
user_0009114,0
user_0009132,0
user_0013122,0
user_0004999,0
user_0016096,1
user_0019459,0
user_0005046,0
user_0019466,0
user_0012866,0
user_0017896,0
user_0017645,0
user_0019616,0
user_0009249,0
user_0001034,0
user_0008191,0
user_0005986,0
user_0017910,0
user_0008760,0
user_0008841,0
user_0016262,0
user_0004802,0
user_0014120,0
user_0003859,1
user_0014492,0
user_0016276,0
user_0012563,0
user_0014493,0
user_0009885,0
user_0013482,0
user_0005592,0
user_0008354,0
user_0003908,0
user_0005429,0
user_0010085,0
user_0007698,0
user_0005996,0
user_0010862,0
user_0006563,0
user_0003907,0
user_0010885,0
user_0001745,0
user_0014654,0
user_0005917,0
user_0013660,1
user_0018496,0
user_0003022,0
user_0019382,0
user_0006499,0
user_0016113,0
user_0009406,0
user_0009239,0
user_0009271,0
user_0005766,0
user_0013476,0
user_0003900,0
user_0007400,0
user_0007077,0
user_0015876,1
user_0009354,0
user_0003616,0
user_0017492,0
user_0016127,0
user_0015573,0
user_0014965,0
user_0002245,0
user_0001453,0
user_0016145,0
user_0011390,0
user_0007349,0
user_0002241,0
user_0002451,0
user_0019383,0
user_0000413,0
user_0017017,0
user_0015510,0
user_0009070,0
user_0002114,0
user_0002788,0
user_0018229,0
user_0012972,0
user_0008084,0
user_0004709,0
user_0000923,0
user_0005833,0
user_0015043,0
user_0002123,0
user_0008137,0
user_0011257,0
user_0000879,0
user_0001891,0
user_0005825,0
user_0011190,1
user_0000895,0
user_0002839,0
user_0017464,0
user_0016077,0
user_0012007,0
user_0000053,0
user_0013674,0
user_0014525,1
user_0017869,0
user_0014671,0
user_0014339,0
user_0017665,0
user_0017364,0
user_0008332,0
user_0002901,0
user_0006752,0
user_0017019,0
user_0007139,0
user_0017366,1
user_0001387,0
user_0000167,0
user_0003814,0
user_0004960,0
user_0011301,0
user_0007628,0
user_0004305,0
user_0006077,0
user_0000216,0
user_0000672,0
user_0008269,0
user_0007864,0
user_0006421,0
user_0006119,0
user_0005209,0
user_0011876,0
user_0006996,0
user_0005689,0
user_0015761,0
user_0005409,1
user_0003421,0
user_0018102,0
user_0009571,0
user_0018034,0
user_0007858,0
user_0003993,0
user_0012774,0
user_0012668,0
user_0006385,0
user_0004060,0
user_0006960,0
user_0017445,0
user_0018168,0
user_0006129,0
user_0013167,0
user_0001642,0
user_0001336,1
user_0015327,0
user_0008607,0
user_0008456,0
user_0003918,0
user_0013488,0
user_0012407,0
user_0010628,0
user_0004051,0
user_0007879,0
user_0015772,0
user_0018122,0
user_0003556,0
user_0002412,0
user_0000050,0
user_0002311,0
user_0006981,0
user_0001721,0
user_0003590,0
user_0003552,1
user_0017515,0
user_0013550,0
user_0005385,0
user_0009888,0
user_0006856,0
user_0014564,0
user_0011635,1
user_0008291,0
user_0009544,0
user_0019249,0
user_0013553,0
user_0001283,0
user_0011630,0
user_0006444,0
user_0011873,0
user_0013154,0
user_0015643,0
user_0003216,1
user_0008883,0
user_0002289,0
user_0016070,0
user_0019011,0
user_0014887,0
user_0018947,0
user_0011633,0
user_0011824,0
user_0011280,0
user_0011222,0
user_0018819,0
user_0007177,0
user_0017576,0
user_0017710,0
user_0017557,0
user_0011918,0
user_0013849,0
user_0002247,0
user_0007038,0
user_0008662,0
user_0008222,0
user_0005071,0
user_0017506,1
user_0016943,0
user_0002032,0
user_0011442,0
user_0008689,0
user_0016175,0
user_0011481,0
user_0011448,0
user_0006788,1
user_0011473,0
user_0013783,0
user_0001894,0
user_0018844,0
user_0013788,0
user_0011679,1
user_0014193,0
user_0018748,0
user_0011999,0
user_0005541,0
user_0017420,0
user_0014248,0
user_0013268,0
user_0005027,0
user_0011367,0
user_0000660,0
user_0018876,0
user_0011742,0
user_0011976,0
user_0000700,0
user_0005781,0
user_0008614,0
user_0013831,0
user_0004466,0
user_0000602,0
user_0014582,0
user_0009743,1
user_0009742,0
user_0004041,0
user_0007514,0
user_0012654,1
user_0003398,0
user_0018365,0
user_0019818,0
user_0006402,0
user_0014607,1
user_0015370,0
user_0019289,1
user_0018044,0
user_0001177,0
user_0003221,0
user_0016561,0
user_0002635,0
user_0004258,0
user_0015248,1
user_0019112,0
user_0006053,0
user_0004269,0
user_0009471,0
user_0004171,0
user_0017285,0
user_0015652,0
user_0015627,0
user_0017465,0
user_0006164,0
user_0010035,1
user_0012500,0
user_0018222,0
user_0012550,0
user_0007605,0
user_0010189,0
user_0012557,0
user_0018191,1
user_0019227,1
user_0003497,0
user_0007593,1
user_0012591,0
user_0000436,0
user_0018178,0
user_0019179,0
user_0018175,0
user_0003560,0
user_0016717,0
user_0010335,0
user_0010369,0
user_0000347,0
user_0001288,0
user_0001481,1
user_0014364,0
user_0009502,0
user_0002910,0
user_0019906,1
user_0018661,0
user_0015106,0
user_0001764,0
user_0006172,0
user_0004470,0
user_0001818,0
user_0010955,0
user_0004496,0
user_0009156,0
user_0008055,0
user_0012064,0
user_0015888,1
user_0004682,0
user_0017797,0
user_0000171,0
user_0015090,0
user_0008076,0
user_0001865,0
user_0002894,0
user_0013940,0
user_0006569,0
user_0005925,0
user_0018590,1
user_0015918,0
user_0000600,0
user_0002663,0
user_0019372,0
user_0009348,0
user_0017915,0
user_0012816,0
user_0004369,0
user_0005831,0
user_0010828,0
user_0012200,0
user_0016455,0
user_0004763,0
user_0012203,0
user_0017778,0
user_0007999,0
user_0001493,0
user_0014549,0
user_0000695,0
user_0019571,0
user_0012603,0
user_0013049,0
user_0018917,0
user_0012492,0
user_0014543,0
user_0000721,0
user_0013539,0
user_0014297,0
user_0013729,0
user_0000919,0
user_0000697,0
user_0014533,0
user_0012472,0
user_0000398,0
user_0013507,0
user_0019091,0
user_0014308,0
user_0012235,0
user_0013402,0
user_0012238,0
user_0019671,0
user_0019474,0
user_0019346,0
user_0000469,0
user_0000252,0
user_0011958,0
user_0012272,0
user_0002040,0
user_0001163,0
user_0013957,0
user_0012276,0
user_0019532,0
user_0001644,0
user_0014413,0
user_0014646,0
user_0019488,0
user_0012875,0
user_0019259,0
user_0012880,0
user_0012115,0
user_0012368,0
user_0019969,0
user_0012630,0
user_0014117,0
user_0019251,0
user_0012613,0
user_0014325,0
user_0014614,0
user_0000389,0
user_0010410,0
user_0004360,0
user_0016179,0
user_0017646,0
user_0017681,0
user_0010515,0
user_0017697,0
user_0004855,0
user_0005220,0
user_0010448,1
user_0004783,0
user_0018329,0
user_0004715,0
user_0015995,0
user_0009054,0
user_0017792,0
user_0008945,0
user_0004551,0
user_0003234,0
user_0015229,0
user_0002890,1
user_0016544,0
user_0002981,0
user_0016519,0
user_0002994,0
user_0016513,0
user_0005392,0
user_0018493,1
user_0010891,0
user_0005695,0
user_0015161,0
user_0008242,0
user_0005673,0
user_0003103,0
user_0008090,0
user_0010343,0
user_0009138,0
user_0009147,0
user_0003805,0
user_0015520,0
user_0018218,0
user_0018215,0
user_0009481,0
user_0004248,0
user_0010068,0
user_0009906,0
user_0009528,0
user_0015603,0
user_0009846,0
user_0009796,0
user_0004080,0
user_0004030,0
user_0009898,0
user_0010075,0
user_0015871,0
user_0015879,0
user_0010327,0
user_0009153,0
user_0009205,0
user_0010304,0
user_0009228,0
user_0009294,0
user_0004389,0
user_0010200,0
user_0015910,0
user_0010180,0
user_0009311,0
user_0015449,0
user_0018896,0
user_0018261,0
user_0017919,0
user_0016592,1
user_0016597,0
user_0003140,0
user_0015063,0
user_0006474,0
user_0006513,0
user_0011349,0
user_0014996,0
user_0014982,0
user_0017078,0
user_0018780,0
user_0002466,0
user_0006550,0
user_0002450,0
user_0017076,0
user_0006599,0
user_0002535,0
user_0014952,0
user_0006636,0
user_0006694,0
user_0011622,0
user_0007043,0
user_0011702,0
user_0011755,0
user_0018890,0
user_0018892,0
user_0006859,1
user_0006964,1
user_0006938,0
user_0014794,0
user_0011497,0
user_0007481,0
user_0009714,0
user_0007760,0
user_0011153,0
user_0007748,0
user_0006156,0
user_0016657,1
user_0007749,0
user_0013255,0
user_0013878,0
user_0017022,1
user_0001089,0
user_0007175,1
user_0017028,0
user_0009363,0
user_0009341,0
user_0013749,0
user_0017029,1
user_0000424,0
user_0013411,0
user_0006689,0
user_0006649,0
user_0007227,1
user_0007230,0
user_0014361,0
user_0006622,1
user_0009293,0
user_0012857,0
user_0006617,0
user_0004362,0
user_0004297,0
user_0014377,0
user_0007037,0
user_0004078,0
user_0016586,1
user_0009670,0
user_0004085,0
user_0004093,0
user_0006946,0
user_0014415,0
user_0018081,0
user_0004118,0
user_0006143,0
user_0018078,0
user_0007270,1
user_0007936,0
user_0000505,0
user_0007024,0
user_0000536,0
user_0019666,1
user_0009496,1
user_0009484,0
user_0000043,0
user_0000047,0
user_0015842,0
user_0009415,0
user_0001106,0
user_0015742,0
user_0019905,0
user_0017875,0
user_0005958,0
user_0005099,0
user_0013141,1
user_0007444,0
user_0016182,0
user_0005170,0
user_0008630,0
user_0006292,1
user_0005260,0
user_0017578,0
user_0016237,0
user_0000256,0
user_0016147,0
user_0008539,0
user_0019511,0
user_0005356,0
user_0016264,0
user_0008268,0
user_0017153,0
user_0014146,0
user_0008403,1
user_0015673,0
user_0014140,1
user_0013230,0
user_0008339,0
user_0014177,0
user_0005562,0
user_0005063,0
user_0017180,0
user_0016475,0
user_0017057,0
user_0013676,0
user_0017863,0
user_0017384,0
user_0004559,0
user_0009100,0
user_0007666,0
user_0008115,0
user_0019568,0
user_0019432,0
user_0005058,0
user_0000439,0
user_0013294,0
user_0008141,0
user_0000198,0
user_0004846,0
user_0000199,0
user_0017201,0
user_0013547,0
user_0000867,0
user_0007584,0
user_0017084,0
user_0005024,0
user_0008982,0
user_0017783,0
user_0011793,0
user_0001266,0
user_0015139,0
user_0010869,0
user_0014636,0
user_0010773,0
user_0003110,1
user_0010761,0
user_0001731,1
user_0010721,0
user_0015243,0
user_0010681,0
user_0018468,1
user_0003273,0
user_0010608,0
user_0001750,0
user_0001686,0
user_0003325,0
user_0003348,0
user_0019134,0
user_0019147,0
user_0010529,0
user_0014589,0
user_0010510,0
user_0003432,0
user_0003445,0
user_0001554,0
user_0001546,0
user_0014555,0
user_0003539,0
user_0018402,0
user_0019177,0
user_0015104,0
user_0001867,0
user_0011775,0
user_0018913,0
user_0018852,0
user_0011683,0
user_0018934,0
user_0018825,0
user_0011606,0
user_0002330,0
user_0018814,0
user_0014914,0
user_0011564,0
user_0011533,0
user_0011438,0
user_0002985,0
user_0001995,0
user_0011395,0
user_0002569,0
user_0018736,1
user_0002594,1
user_0001913,0
user_0018694,0
user_0002617,0
user_0012036,1
user_0002625,0
user_0011183,0
user_0011179,0
user_0001871,0
user_0018583,0
user_0011422,1
user_0010339,0
user_0010766,0
user_0009950,1
user_0003987,0
user_0001469,0
user_0009936,0
user_0009805,0
user_0001483,0
user_0018285,0
user_0003886,0
user_0009860,0
user_0012639,0
user_0010275,0
user_0009753,0
user_0010278,0
user_0001503,0
user_0015800,0
user_0011287,0
user_0001881,1
user_0016617,1
user_0007537,0
user_0004210,0
user_0013986,0
user_0002645,0
user_0019294,0
user_0007609,0
user_0003892,0
user_0007630,0
user_0007737,0
user_0007731,0
user_0006177,0
user_0017226,0
user_0018679,0
user_0007686,0
user_0019389,0
user_0006135,0
user_0011109,0
user_0000575,0
user_0003837,0
user_0015572,0
user_0010336,0
user_0019645,0
user_0014378,0
user_0006029,0
user_0002931,0
user_0016534,0
user_0018569,0
user_0015086,1
user_0013431,1
user_0014682,0
user_0019688,0
user_0007926,0
user_0007911,0
user_0006050,0
user_0007878,0
user_0006122,0
user_0018204,0
user_0016595,0
user_0000330,0
user_0011076,0
user_0007780,0
user_0007521,0
user_0007474,0
user_0009875,0
user_0016813,0
user_0000132,0
user_0009784,0
user_0002347,0
user_0015640,0
user_0000059,0
user_0001226,0
user_0018823,0
user_0019964,0
user_0016994,0
user_0007070,0
user_0004061,0
user_0007027,0
user_0009737,0
user_0016960,0
user_0016959,0
user_0004048,0
user_0002106,0
user_0006948,0
user_0001236,0
user_0011777,0
user_0004003,0
user_0002403,1
user_0016809,0
user_0011499,0
user_0006393,0
user_0019814,0
user_0001187,0
user_0005919,0
user_0006458,0
user_0001933,0
user_0013591,0
user_0018752,0
user_0017115,0
user_0017113,1
user_0006327,0
user_0006493,0
user_0001951,0
user_0001959,0
user_0002500,0
user_0018777,0
user_0011961,0
user_0017073,1
user_0004141,0
user_0019285,1
user_0016800,0
user_0018951,0
user_0011348,0
user_0003016,0
user_0010949,1
user_0013160,1
user_0012308,0
user_0008639,1
user_0003481,0
user_0001542,0
user_0008598,0
user_0012828,0
user_0005284,0
user_0003714,0
user_0018393,0
user_0014304,0
user_0014185,0
user_0003152,0
user_0014174,0
user_0009036,0
user_0018309,0
user_0003758,0
user_0013195,0
user_0004791,0
user_0004361,0
user_0010569,0
user_0000806,0
user_0003647,0
user_0004822,0
user_0004430,0
user_0004848,0
user_0008911,0
user_0010465,0
user_0015963,0
user_0017684,0
user_0012853,0
user_0008823,0
user_0018367,0
user_0004746,0
user_0008779,0
user_0010546,0
user_0000819,0
user_0016160,0
user_0005083,0
user_0003340,0
user_0005118,0
user_0008713,0
user_0003770,0
user_0000735,0
user_0005317,0
user_0015241,0
user_0008257,0
user_0003797,0
user_0004590,0
user_0012198,0
user_0000654,0
user_0016440,0
user_0001397,0
user_0000646,1
user_0016258,0
user_0004488,0
user_0005821,0
user_0003566,0
user_0004526,0
user_0012917,0
user_0018495,0
user_0014068,0
user_0019577,0
user_0000998,0
user_0014074,0
user_0008293,0
user_0016015,0
user_0013224,0
user_0012438,1
user_0017457,0
user_0015194,0
user_0004652,0
user_0005482,0
user_0005510,0
user_0000711,0
user_0017512,0
user_0019335,0
user_0004593,0
user_0010706,0
user_0017468,0
user_0014518,0
user_0014848,0
user_0018826,0
user_0014734,0
user_0014575,0
user_0014449,0
user_0015381,0
user_0019955,0
user_0016923,0
user_0016895,0
user_0014799,0
user_0014796,0
user_0013864,0
user_0013851,0
user_0019587,0
user_0018950,1
user_0016467,1
user_0019644,0
user_0019086,0
user_0015117,0
user_0015503,0
user_0016441,0
user_0015155,0
user_0018482,0
user_0015480,0
user_0018259,0
user_0015672,0
user_0017230,1
user_0015474,0
user_0015399,0
user_0014386,0
user_0016288,0
user_0019109,0
user_0019243,0
user_0015026,0
user_0014362,0
user_0017577,0
user_0015307,1
user_0017360,0
user_0018271,0
user_0018753,0
user_0019887,0
user_0016786,0
user_0015418,0
user_0015814,0
user_0000018,0
user_0010096,0
user_0019987,0
user_0001548,0
user_0001559,0
user_0001603,0
user_0012648,0
user_0003912,0
user_0001845,0
user_0009445,0
user_0009453,0
user_0006037,0
user_0001936,0
user_0006021,0
user_0012335,0
user_0002060,0
user_0012315,0
user_0005731,0
user_0009702,0
user_0002248,0
user_0001529,0
user_0012107,0
user_0009287,0
user_0009262,0
user_0000936,0
user_0006792,0
user_0001011,0
user_0001026,0
user_0008768,1
user_0008774,0
user_0001048,0
user_0008800,0
user_0006740,0
user_0008888,0
user_0006501,0
user_0001104,0
user_0008971,0
user_0001201,0
user_0012903,0
user_0006410,0
user_0001365,0
user_0012704,0
user_0006847,0
user_0005378,0
user_0002307,0
user_0011361,0
user_0003172,0
user_0003187,0
user_0004294,0
user_0004216,0
user_0004205,1
user_0011057,0
user_0010642,0
user_0004099,0
user_0010667,0
user_0004062,0
user_0010685,0
user_0003762,0
user_0004001,0
user_0003873,0
user_0010713,0
user_0003960,1
user_0003130,0
user_0005340,0
user_0004468,0
user_0011566,0
user_0002320,0
user_0002492,0
user_0011954,0
user_0009963,0
user_0009972,1
user_0004950,1
user_0004785,0
user_0004773,0
user_0002760,1
user_0010107,0
user_0010108,0
user_0010112,0
user_0010146,0
user_0002851,0
user_0004716,0
user_0010293,0
user_0010312,0
user_0002980,0
user_0006884,0
user_0001778,0
user_0000576,0
user_0008138,0
user_0000307,0
user_0008267,0
user_0013465,0
user_0008615,0
user_0000189,0
user_0013497,0
user_0007896,0
user_0000120,0
user_0007708,0
user_0013226,0
user_0008428,0
user_0013344,0
user_0000549,0
user_0008374,0
user_0013421,0
user_0000546,0
user_0007596,0
user_0013699,0
user_0008244,0
user_0008468,0
user_0013455,0
user_0000812,0
user_0000156,0
user_0007455,0
user_0003300,0
user_0006885,0
user_0011262,0
user_0017528,0
user_0013501,0
user_0005294,0
user_0008411,0
user_0000446,0
user_0007504,0
user_0017573,0
user_0010581,0
user_0010501,0
user_0000537,0
user_0001986,0
user_0005966,0
user_0005846,0
user_0014586,0
user_0014022,0
user_0009581,0
user_0017495,0
user_0002065,0
user_0015746,0
user_0005830,0
user_0018816,0
user_0000472,0
user_0011165,0
user_0012255,0
user_0012206,0
user_0010588,0
user_0003295,0
user_0018765,0
user_0017589,0
user_0019783,0
user_0011753,0
user_0016658,0
user_0011407,0
user_0002827,0
user_0010165,0
user_0004732,0
user_0000294,0
user_0003124,0
user_0011656,0
user_0011445,0
user_0002880,0
user_0003111,0
user_0010250,0
user_0017843,0
user_0004465,0
user_0002914,0
user_0018563,0
user_0002873,0
user_0007616,0
user_0002757,0
user_0018658,0
user_0015015,0
user_0003276,0
user_0005253,0
user_0007356,0
user_0016323,0
user_0002513,1
user_0003261,0
user_0002522,0
user_0017890,0
user_0002524,0
user_0017886,0
user_0011905,0
user_0016730,0
user_0007837,0
user_0002665,0
user_0004989,0
user_0008370,0
user_0010022,0
user_0013572,0
user_0015606,0
user_0009516,0
user_0007790,0
user_0018341,0
user_0000694,0
user_0010871,0
user_0003973,0
user_0008929,0
user_0001110,0
user_0003803,0
user_0012943,0
user_0019322,0
user_0008858,0
user_0010908,0
user_0017123,0
user_0000627,0
user_0012912,0
user_0016432,0
user_0012863,0
user_0010930,0
user_0000579,0
user_0016549,0
user_0016818,1
user_0009146,0
user_0007143,0
user_0018165,0
user_0000826,0
user_0006910,0
user_0016167,0
user_0006845,1
user_0013184,0
user_0018179,0
user_0006824,0
user_0000925,0
user_0008803,0
user_0006917,0
user_0001009,0
user_0006954,1
user_0013144,0
user_0019376,0
user_0014237,0
user_0019504,0
user_0003874,0
user_0008123,0
user_0016979,0
user_0003749,0
user_0006423,0
user_0000062,0
user_0006063,0
user_0013891,0
user_0004165,0
user_0000570,0
user_0017225,0
user_0008160,0
user_0001655,0
user_0016814,0
user_0001675,0
user_0014481,0
user_0000149,0
user_0006104,0
user_0003548,0
user_0019106,0
user_0009367,1
user_0001740,0
user_0000555,0
user_0009383,0
user_0001748,0
user_0014063,0
user_0001349,0
user_0006267,0
user_0013318,0
user_0002930,1
user_0001384,0
user_0001386,0
user_0009237,0
user_0017326,0
user_0015955,0
user_0012461,0
user_0013338,0
user_0006265,0
user_0000577,1
user_0015080,0
user_0009245,0
user_0010435,0
user_0010601,0
user_0015379,0
user_0015314,0
user_0004247,0
user_0008101,0
user_0004182,0
user_0010480,0
user_0016437,0
user_0016396,0
user_0008168,0
user_0004158,1
user_0016566,1
user_0010695,0
user_0015311,0
user_0015198,0
user_0017991,0
user_0005474,1
user_0007762,0
user_0015869,0
user_0009400,0
user_0006114,0
user_0009323,0
user_0007311,0
user_0006238,0
user_0009275,0
user_0017186,1
user_0006266,0
user_0015966,0
user_0015968,1
user_0006353,0
user_0006378,0
user_0009407,0
user_0006426,1
user_0008990,0
user_0006487,0
user_0006491,0
user_0008545,0
user_0016826,0
user_0006507,0
user_0006652,0
user_0008597,0
user_0016121,0
user_0006779,0
user_0008640,0
user_0016190,0
user_0006827,0
user_0016242,0
user_0010376,0
user_0006085,0
user_0006025,0
user_0007742,0
user_0015401,0
user_0010291,0
user_0004670,0
user_0004712,0
user_0010147,0
user_0004738,0
user_0017706,0
user_0005008,0
user_0015544,0
user_0017639,0
user_0009919,1
user_0017626,0
user_0017327,0
user_0009893,1
user_0009883,0
user_0009838,0
user_0008683,0
user_0017498,0
user_0015674,0
user_0015681,0
user_0009640,0
user_0005607,0
user_0005608,0
user_0009626,0
user_0009590,0
user_0005976,0
user_0017347,1
user_0008393,0
user_0015187,0
user_0010832,0
user_0012476,0
user_0012577,0
user_0019108,0
user_0001746,0
user_0012507,0
user_0001749,0
user_0019069,0
user_0010772,0
user_0019042,1
user_0012387,0
user_0001910,0
user_0002031,0
user_0012338,0
user_0002070,0
user_0018904,0
user_0002128,0
user_0002161,0
user_0012173,0
user_0002199,0
user_0002259,0
user_0012104,0
user_0012057,0
user_0011913,0
user_0002556,0
user_0011877,0
user_0014761,0
user_0011856,0
user_0002721,1
user_0002789,1
user_0002814,0
user_0019138,1
user_0012694,0
user_0012697,1
user_0001473,0
user_0000019,0
user_0019968,0
user_0013774,0
user_0013897,1
user_0013910,0
user_0013734,0
user_0013713,1
user_0013951,1
user_0013544,0
user_0000461,0
user_0000541,0
user_0000673,0
user_0013270,0
user_0000728,0
user_0011738,0
user_0000772,0
user_0014142,0
user_0014168,0
user_0014182,0
user_0019444,0
user_0013101,0
user_0013090,0
user_0013064,0
user_0014274,0
user_0013018,0
user_0019281,0
user_0012795,0
user_0019231,0
user_0014396,0
user_0012727,0
user_0014139,0
user_0018610,0
user_0008027,0
user_0011195,0
user_0011028,0
user_0011023,0
user_0011032,0
user_0010961,0
user_0003767,0
user_0011447,0
user_0018284,0
user_0003031,0
user_0003202,0
user_0018219,0
user_0018316,0
user_0011025,0
user_0003356,0
user_0003362,0
user_0003875,0
user_0018581,1
user_0011615,0
user_0001423,0
user_0014263,0
user_0006697,1
user_0006155,0
user_0010649,0
user_0013092,0
user_0006777,0
user_0001060,0
user_0006127,0
user_0019368,0
user_0013171,0
user_0011174,0
user_0016163,0
user_0000886,0
user_0006542,0
user_0013019,0
user_0008912,0
user_0009302,0
user_0011094,0
user_0018039,0
user_0006318,0
user_0015967,0
user_0006341,0
user_0003580,0
user_0001244,0
user_0014410,0
user_0001231,0
user_0004177,0
user_0001196,0
user_0013185,0
user_0008933,0
user_0012981,1
user_0016053,0
user_0006216,0
user_0014348,0
user_0001134,0
user_0002843,0
user_0014150,0
user_0007598,0
user_0013974,0
user_0019810,0
user_0000302,0
user_0003847,0
user_0000290,0
user_0019824,0
user_0000213,0
user_0000210,0
user_0016698,0
user_0018154,1
user_0008161,0
user_0019965,0
user_0013861,0
user_0003909,0
user_0007949,0
user_0013800,0
user_0019979,0
user_0008068,0
user_0007992,0
user_0000141,1
user_0000833,0
user_0013985,0
user_0000444,0
user_0013845,0
user_0006103,0
user_0014144,0
user_0007082,0
user_0010677,0
user_0016877,0
user_0000760,0
user_0010700,0
user_0000668,0
user_0013524,1
user_0007242,0
user_0008509,0
user_0013351,0
user_0007316,0
user_0015230,0
user_0007396,0
user_0000520,0
user_0016296,0
user_0000499,0
user_0008420,0
user_0014060,0
user_0000789,0
user_0003933,0
user_0002072,0
user_0003027,0
user_0005647,0
user_0005095,0
user_0018739,0
user_0005055,0
user_0017419,0
user_0015697,0
user_0002390,0
user_0012325,0
user_0011570,0
user_0005878,0
user_0017651,0
user_0005901,0
user_0004552,0
user_0005838,0
user_0018568,0
user_0005549,0
user_0018503,0
user_0002443,1
user_0014899,1
user_0018842,0
user_0015598,0
user_0012083,0
user_0018567,0
user_0002490,0
user_0009770,1
user_0010549,0
user_0005466,0
user_0015592,0
user_0002960,0
user_0011939,0
user_0005243,0
user_0002186,0
user_0005902,0
user_0012351,1
user_0017586,0
user_0003210,0
user_0011592,0
user_0009452,0
user_0001852,0
user_0018667,0
user_0014548,0
user_0018629,0
user_0006028,0
user_0017791,0
user_0009428,0
user_0001902,0
user_0011839,0
user_0015805,0
user_0001937,0
user_0009988,1
user_0004568,0
user_0011707,0
user_0006090,0
user_0001806,0
user_0014767,0
user_0017769,0
user_0004622,0
user_0007341,1
user_0007326,0
user_0018630,0
user_0007258,0
user_0016804,0
user_0007324,0
user_0018779,0
user_0007405,0
user_0016794,0
user_0007973,0
user_0007295,0
user_0000543,0
user_0016526,0
user_0003965,0
user_0017732,0
user_0007618,0
user_0002697,0
user_0017670,0
user_0002908,1
user_0005051,1
user_0007824,1
user_0019771,0
user_0008007,0
user_0007888,0
user_0007594,1
user_0004021,0
user_0007511,0
user_0018201,0
user_0000443,0
user_0018744,1
user_0018121,0
user_0019703,0
user_0017705,0
user_0007460,0
user_0002622,0
user_0017609,1
user_0005177,0
user_0004407,0
user_0000814,0
user_0002363,0
user_0006472,0
user_0001191,0
user_0006464,0
user_0017135,1
user_0006404,0
user_0001269,0
user_0019262,0
user_0018397,0
user_0004456,0
user_0002869,0
user_0001341,0
user_0001873,0
user_0001856,0
user_0001121,0
user_0003536,0
user_0006043,0
user_0003487,0
user_0001506,1
user_0017189,0
user_0003450,1
user_0001519,0
user_0006192,0
user_0003439,0
user_0017281,0
user_0018360,0
user_0001682,0
user_0004410,0
user_0001736,0
user_0019184,1
user_0000617,0
user_0018937,0
user_0002081,0
user_0018097,0
user_0000759,1
user_0002271,0
user_0017562,0
user_0017545,0
user_0005400,0
user_0005419,0
user_0017509,1
user_0004528,0
user_0016956,0
user_0004506,0
user_0005476,0
user_0004064,0
user_0017397,0
user_0018884,0
user_0016989,0
user_0006782,0
user_0001058,0
user_0005554,0
user_0018059,0
user_0006750,0
user_0002125,0
user_0002102,0
user_0006663,0
user_0001097,0
user_0018280,0
user_0006579,0
user_0006561,1
user_0000973,0
user_0001310,0
user_0016930,0
user_0010847,0
user_0008653,0
user_0009412,0
user_0011888,0
user_0014723,0
user_0011996,0
user_0008558,0
user_0012002,0
user_0014692,0
user_0012184,0
user_0012186,0
user_0012296,0
user_0012302,1
user_0012464,0
user_0014530,1
user_0012514,0
user_0016283,0
user_0008448,0
user_0008430,0
user_0012678,0
user_0016314,1
user_0014427,0
user_0014779,0
user_0011835,0
user_0014802,0
user_0011555,0
user_0009541,0
user_0009628,0
user_0015940,0
user_0015663,1
user_0015593,0
user_0009914,0
user_0010263,0
user_0010537,0
user_0010555,0
user_0010637,0
user_0014424,0
user_0015270,1
user_0008859,0
user_0015169,0
user_0010797,0
user_0011110,0
user_0011141,0
user_0016142,0
user_0011147,1
user_0016151,0
user_0015034,0
user_0011350,0
user_0010653,1
user_0012743,0
user_0014754,0
user_0013709,0
user_0013852,0
user_0016465,0
user_0008082,0
user_0013753,0
user_0013737,0
user_0013978,0
user_0014002,0
user_0013305,0
user_0013243,0
user_0013176,0
user_0009327,0
user_0012849,0
user_0004236,0
user_0000106,1
user_0004303,0
user_0017917,0
user_0010542,0
user_0012734,0
user_0015296,0
user_0019094,0
user_0010463,0
user_0010460,0
user_0004520,1
user_0010285,0
user_0000078,0
user_0017825,0
user_0004457,0
user_0010619,0
user_0019947,0
user_0018052,1
user_0010641,1
user_0004164,0
user_0000115,0
user_0004146,0
user_0001391,0
user_0018134,0
user_0018149,0
user_0010740,0
user_0019213,0
user_0010775,0
user_0001517,0
user_0000192,0
user_0003870,0
user_0015433,0
user_0010886,0
user_0015453,0
user_0010027,0
user_0006038,0
user_0009475,0
user_0015810,0
user_0009518,0
user_0017354,0
user_0005989,1
user_0001285,0
user_0005874,0
user_0019974,0
user_0009629,0
user_0019971,1
user_0005622,0
user_0005544,0
user_0005497,0
user_0009717,0
user_0017501,0
user_0013858,0
user_0004900,0
user_0015516,0
user_0004990,0
user_0005001,0
user_0000056,0
user_0015582,0
user_0004740,0
user_0013787,0
user_0005307,0
user_0009815,0
user_0005353,0
user_0005394,0
user_0017511,0
user_0017510,0
user_0009874,0
user_0003824,0
user_0003619,0
user_0003595,0
user_0011935,0
user_0000565,0
user_0014059,0
user_0012000,0
user_0014084,0
user_0001075,0
user_0019345,0
user_0012133,0
user_0014132,0
user_0014645,0
user_0013210,1
user_0002124,0
user_0019470,0
user_0000845,1
user_0012316,0
user_0018935,0
user_0014591,0
user_0013095,0
user_0013165,0
user_0012519,0
user_0014192,0
user_0014187,0
user_0012503,0
user_0018751,0
user_0001771,0
user_0012649,0
user_0012413,0
user_0014553,0
user_0001929,0
user_0012363,0
user_0012330,0
user_0000927,0
user_0012561,0
user_0011894,0
user_0002576,0
user_0013724,1
user_0000274,0
user_0011144,0
user_0019822,0
user_0019256,0
user_0013613,0
user_0003412,0
user_0003404,0
user_0011238,0
user_0011303,0
user_0003267,0
user_0011341,0
user_0003205,0
user_0000403,0
user_0018477,0
user_0003082,0
user_0011446,0
user_0002599,0
user_0013418,0
user_0014029,0
user_0014763,0
user_0019678,0
user_0000484,0
user_0013404,0
user_0019283,0
user_0014812,0
user_0002858,0
user_0011636,1
user_0000460,1
user_0011534,0
user_0011512,1
user_0002801,0
user_0001328,0
user_0013806,0
user_0016683,0
user_0016646,0
user_0015925,0
user_0008711,0
user_0016715,0
user_0008580,0
user_0008749,0
user_0017099,0
user_0016011,0
user_0017048,0
user_0007905,0
user_0016772,0
user_0016173,0
user_0006873,0
user_0009136,0
user_0008326,0
user_0006609,0
user_0016747,0
user_0006586,0
user_0016245,0
user_0017067,0
user_0008389,1
user_0007158,1
user_0006204,0
user_0008197,0
user_0016975,0
user_0008537,0
user_0015992,0
user_0007730,0
user_0008816,0
user_0017018,0
user_0008972,0
user_0008057,0
user_0008361,0
user_0015914,0
user_0007280,0
user_0007932,0
user_0008230,0
user_0008831,0
user_0016822,0
user_0016514,0
user_0016680,0
user_0007991,0
user_0006699,0
user_0004039,0
user_0010897,0
user_0014305,0
user_0001222,0
user_0008021,0
user_0014337,0
user_0003810,1
user_0016073,0
user_0001184,0
user_0001159,0
user_0015204,0
user_0012938,0
user_0015210,0
user_0002888,0
user_0010694,0
user_0008266,0
user_0004608,0
user_0006469,0
user_0004598,0
user_0004581,0
user_0017855,0
user_0015396,0
user_0017116,0
user_0010360,0
user_0004476,0
user_0010387,0
user_0010440,1
user_0019473,0
user_0007713,0
user_0014176,0
user_0004414,0
user_0013181,0
user_0004347,1
user_0004331,0
user_0000920,0
user_0016378,0
user_0004267,0
user_0004244,0
user_0008898,0
user_0019407,0
user_0000941,0
user_0014234,0
user_0016069,0
user_0018074,0
user_0004057,0
user_0000954,1
user_0012767,1
user_0011045,0
user_0011802,0
user_0016268,0
user_0012458,0
user_0019014,0
user_0002608,0
user_0007114,1
user_0012377,0
user_0008646,0
user_0014741,0
user_0011910,0
user_0016868,0
user_0018755,0
user_0008493,0
user_0007186,0
user_0012376,0
user_0002436,0
user_0002420,1
user_0007197,0
user_0007291,1
user_0002297,1
user_0018831,0
user_0008523,0
user_0002273,0
user_0008531,0
user_0002210,0
user_0018900,0
user_0002164,0
user_0019099,0
user_0016188,0
user_0006952,0
user_0011697,0
user_0006762,0
user_0015057,0
user_0001357,0
user_0003459,1
user_0008785,0
user_0019238,0
user_0015442,0
user_0016348,0
user_0003280,0
user_0018423,0
user_0014399,0
user_0001466,1
user_0003236,0
user_0003710,1
user_0015003,0
user_0011355,0
user_0007523,0
user_0003145,0
user_0011368,0
user_0008701,0
user_0011458,0
user_0019160,0
user_0018512,0
user_0002974,0
user_0016929,0
user_0002944,0
user_0019143,0
user_0014865,0
user_0014420,0
user_0004689,0
user_0007255,0
user_0004705,0
user_0017476,0
user_0017607,0
user_0009647,0
user_0005121,0
user_0013929,0
user_0009927,0
user_0019844,1
user_0005075,0
user_0017456,0
user_0006252,0
user_0017136,0
user_0000194,0
user_0017666,0
user_0017252,0
user_0009427,0
user_0004982,0
user_0005222,0
user_0017174,0
user_0016559,0
user_0017555,0
user_0015624,0
user_0000369,1
user_0010241,1
user_0008215,1
user_0015830,0
user_0015975,0
user_0013659,1
user_0009835,0
user_0005313,0
user_0009728,0
user_0009207,0
user_0009305,0
user_0006157,0
user_0005757,1
user_0005652,1
user_0017538,0
user_0013340,0
user_0004864,0
user_0017386,0
user_0000612,0
user_0000175,0
user_0000599,0
user_0015730,0
user_0014086,0
user_0019552,0
user_0005847,0
user_0009554,0
user_0013735,0
user_0013281,0
user_0010225,0
user_0004892,0
user_0017690,1
user_0012370,0
user_0008753,0
user_0008485,0
user_0002570,0
user_0013936,0
user_0009576,0
user_0012724,0
user_0007050,0
user_0008134,0
user_0002688,0
user_0008780,0
user_0013590,0
user_0019831,0
user_0006377,0
user_0009185,0
user_0002422,0
user_0015029,0
user_0013637,0
user_0012732,0
user_0003322,0
user_0015028,0
user_0003373,0
user_0000128,0
user_0007304,0
user_0002462,0
user_0003144,0
user_0002605,0
user_0001413,1
user_0018438,0
user_0000291,0
user_0002602,0
user_0001401,0
user_0016306,0
user_0019856,0
user_0012617,0
user_0014466,1
user_0005797,0
user_0014896,0
user_0016309,0
user_0006131,0
user_0014868,0
user_0018635,0
user_0014923,0
user_0008656,1
user_0002798,0
user_0007381,0
user_0001709,0
user_0014845,0
user_0012555,0
user_0005787,0
user_0012536,1
user_0006984,0
user_0005744,0
user_0002926,0
user_0001924,0
user_0011546,0
user_0014959,0
user_0016935,0
user_0002716,0
user_0007013,1
user_0002505,1
user_0012471,0
user_0015703,0
user_0005987,0
user_0007470,0
user_0001837,0
user_0001600,0
user_0009634,0
user_0011520,0
user_0015941,0
user_0001920,0
user_0003457,0
user_0019873,0
user_0018989,0
user_0015937,1
user_0017343,0
user_0009507,0
user_0003600,0
user_0015050,0
user_0004958,0
user_0007658,0
user_0004285,0
user_0013795,0
user_0004971,0
user_0008301,0
user_0010593,0
user_0007998,0
user_0009014,0
user_0016600,0
user_0015512,0
user_0007212,0
user_0018048,0
user_0008894,0
user_0016067,0
user_0010003,0
user_0018918,0
user_0010651,0
user_0019633,0
user_0018068,0
user_0002075,1
user_0000561,0
user_0012304,1
user_0009789,0
user_0000903,0
user_0017694,0
user_0013257,0
user_0016388,0
user_0000655,0
user_0009391,0
user_0006452,0
user_0004576,0
user_0006471,0
user_0013307,0
user_0015414,0
user_0000796,0
user_0012169,0
user_0010047,0
user_0012185,0
user_0008541,0
user_0017876,0
user_0017716,0
user_0013213,0
user_0004877,0
user_0008951,0
user_0006434,0
user_0015504,0
user_0017898,0
user_0019475,0
user_0007818,0
user_0015557,0
user_0016679,0
user_0008826,1
user_0013992,0
user_0002321,0
user_0003780,0
user_0016795,0
user_0010915,0
user_0010917,0
user_0015095,0
user_0003728,0
user_0000101,0
user_0003664,0
user_0005341,0
user_0000388,0
user_0018815,0
user_0000134,1
user_0002055,0
user_0003592,0
user_0019254,1
user_0009304,0
user_0018312,0
user_0017149,0
user_0016503,1
user_0010889,0
user_0003844,0
user_0002534,0
user_0012985,0
user_0014032,0
user_0014322,0
user_0010709,0
user_0008232,0
user_0015214,0
user_0006726,0
user_0007826,0
user_0009444,0
user_0010707,0
user_0003950,0
user_0006422,0
user_0013031,0
user_0001167,0
user_0012916,0
user_0014328,0
user_0013435,0
user_0013451,0
user_0007881,0
user_0013764,1
user_0019662,0
user_0016471,0
user_0019924,0
user_0016516,0
user_0007263,0
user_0008516,0
user_0002047,0
user_0012324,0
user_0019794,0
user_0000146,0
user_0014008,0
user_0014326,1
user_0001146,0
user_0014027,0
user_0000544,0
user_0001064,0
user_0008327,1
user_0014236,0
user_0014227,0
user_0016660,0
user_0001000,0
user_0013385,0
user_0000573,0
user_0019414,0
user_0000596,0
user_0019576,0
user_0000607,0
user_0000631,0
user_0013245,0
user_0013509,0
user_0000409,0
user_0012836,0
user_0012819,0
user_0013890,0
user_0016270,0
user_0012490,1
user_0007937,0
user_0012644,0
user_0001608,0
user_0016329,0
user_0014423,0
user_0007915,0
user_0016542,0
user_0000286,0
user_0007547,1
user_0013643,0
user_0016716,0
user_0000316,0
user_0001361,0
user_0012777,0
user_0012780,0
user_0008359,1
user_0001282,0
user_0001497,0
user_0019358,0
user_0015893,0
user_0004213,0
user_0009806,0
user_0009782,0
user_0003343,0
user_0018383,1
user_0015017,1
user_0006839,0
user_0003272,0
user_0015637,0
user_0015301,1
user_0017989,0
user_0005343,0
user_0009765,0
user_0011354,1
user_0003162,0
user_0008925,0
user_0004326,0
user_0017478,0
user_0004116,0
user_0017477,0
user_0005508,0
user_0015948,0
user_0017092,0
user_0017168,0
user_0004870,0
user_0017571,0
user_0011120,0
user_0006596,0
user_0015259,1
user_0005097,0
user_0005175,0
user_0005236,0
user_0015538,0
user_0010749,0
user_0006668,0
user_0006671,0
user_0015585,0
user_0003532,0
user_0018189,0
user_0006518,0
user_0003816,0
user_0009127,0
user_0003778,0
user_0009839,0
user_0004192,0
user_0009836,0
user_0015299,0
user_0005305,0
user_0011056,0
user_0010829,0
user_0002927,0
user_0008677,1
user_0008658,0
user_0014775,0
user_0012068,0
user_0011857,0
user_0002623,0
user_0018847,0
user_0017882,0
user_0017861,0
user_0002517,0
user_0006031,0
user_0017776,1
user_0015827,0
user_0012061,0
user_0009423,0
user_0011988,0
user_0017263,0
user_0002295,0
user_0007195,0
user_0002341,0
user_0002338,0
user_0016821,1
user_0017342,1
user_0007002,0
user_0009522,0
user_0005697,0
user_0017426,0
user_0009618,0
user_0017105,0
user_0011709,0
user_0014807,0
user_0002800,0
user_0006985,0
user_0009361,1
user_0017220,0
user_0009593,0
user_0018857,0
user_0006145,0
user_0017887,0
user_0006466,0
user_0011786,0
user_0010099,0
user_0005884,0
user_0010086,1
user_0010199,0
user_0019631,0
user_0008261,0
user_0019628,0
user_0009962,0
user_0005074,0
user_0016014,0
user_0017654,0
user_0017133,0
user_0015447,0
user_0017718,0
user_0015514,0
user_0007773,0
user_0004938,0
user_0015479,0
user_0016614,1
user_0000583,0
user_0004777,0
user_0017685,0
user_0004885,0
user_0013263,0
user_0014035,0
user_0005384,0
user_0005084,0
user_0009663,0
user_0005581,0
user_0000197,0
user_0009616,0
user_0015760,0
user_0013886,0
user_0015932,0
user_0009579,1
user_0000138,1
user_0007966,0
user_0009500,0
user_0015824,0
user_0017309,0
user_0017284,0
user_0000024,0
user_0008003,0
user_0008005,0
user_0000212,0
user_0009959,0
user_0005480,0
user_0008153,0
user_0009035,1
user_0015580,0
user_0005242,0
user_0016397,0
user_0014012,0
user_0019714,0
user_0017140,0
user_0019734,0
user_0013510,0
user_0000428,1
user_0009813,0
user_0000723,0
user_0005395,0
user_0005435,0
user_0009167,0
user_0009759,1
user_0019817,0
user_0009677,0
user_0013260,0
user_0002202,0
user_0004662,0
user_0011575,0
user_0014905,0
user_0001626,1
user_0018532,1
user_0002936,0
user_0018521,0
user_0018506,1
user_0002996,0
user_0001566,0
user_0003032,0
user_0011705,0
user_0019166,0
user_0011381,0
user_0018452,0
user_0012713,0
user_0003228,0
user_0008715,0
user_0001437,0
user_0003263,0
user_0008738,0
user_0003371,0
user_0019228,0
user_0003047,0
user_0011160,0
user_0001727,0
user_0011760,0
user_0002236,0
user_0002093,0
user_0012117,0
user_0012329,0
user_0012018,0
user_0011990,0
user_0011978,0
user_0014556,0
user_0002493,0
user_0011968,0
user_0012534,0
user_0011950,0
user_0007090,0
user_0016887,0
user_0002730,0
user_0002733,0
user_0014529,0
user_0011798,1
user_0014522,0
user_0008455,0
user_0008449,0
user_0014508,0
user_0018723,0
user_0000757,0
user_0016156,1
user_0003465,0
user_0001028,0
user_0006519,0
user_0001012,1
user_0017080,0
user_0013173,0
user_0000966,0
user_0012197,0
user_0010557,0
user_0004282,0
user_0017083,0
user_0004160,0
user_0000913,0
user_0015348,0
user_0014169,0
user_0013202,0
user_0007714,0
user_0008958,0
user_0017864,0
user_0013217,0
user_0000777,0
user_0017823,0
user_0017818,0
user_0008950,0
user_0008766,1
user_0004147,0
user_0018072,0
user_0012771,0
user_0003587,0
user_0018289,0
user_0008329,0
user_0003602,0
user_0011038,0
user_0001262,0
user_0012841,0
user_0003787,0
user_0003851,0
user_0014244,0
user_0010796,0
user_0019296,1
user_0015200,0
user_0015219,0
user_0004026,0
user_0012961,0
user_0018120,0
user_0010670,0
user_0019331,0
user_0007610,0
user_0013093,0
user_0015180,0
user_0008014,0
